id,name,model_id:id,group_id:id,perm_read,perm_write,perm_create,perm_unlink
access_op_proctor_student,name_op_proctor_student,model_op_proctor,openeducat_core.group_op_student,1,0,0,0
access_op_proctor_back_office,name_op_proctor_back_office,model_op_proctor,openeducat_core.group_op_back_office,1,1,1,1
access_res_users_back_office,name_res_users_back_office,base.model_res_users,openeducat_core.group_op_back_office_admin,1,1,1,1
access_op_proctor_op_proctor,name_op_proctor_op_proctor,model_op_proctor,group_op_proctor,1,0,0,0
access_op_batch_proctor,name_op_batch_proctor,openeducat_core.model_op_batch,group_op_proctor,1,0,0,0
access_op_res_country_proctor,name_op_res_country_proctor,base.model_res_country,group_op_proctor,1,0,0,0
access_op_course_proctor,name_op_course_proctor,openeducat_core.model_op_course,group_op_proctor,1,0,0,0
access_op_subject_proctor,name_op_subject_proctor,openeducat_core.model_op_subject,group_op_proctor,1,0,0,0
access_op_student_proctor,op_student_proctor,openeducat_core.model_op_student,group_op_proctor,1,0,0,0
access_op_faculty_proctor,op_faculty_proctor,openeducat_core.model_op_faculty,group_op_proctor,1,0,0,0
access_op_student_course_proctor,op_student_course_proctor,openeducat_core.model_op_student_course,group_op_proctor,1,0,0,0
