<?xml version="1.0" encoding="utf-8"?>
<odoo>
    <data>
        <record id="group_op_proctor" model="res.groups">
            <field name="name">core</field>
            <field name="category_id" ref="pro_core.module_category_proctor_others"/>
            <field name="implied_ids" eval="[(4, ref('pro_core.group_op_student'))]"/>
            <field name="users" eval="[(4, ref('base.user_root'))]"/>
        </record>

        <record model="ir.rule" id="proctor_login_rule">
            <field name="name">Proctor Login rule</field>
            <field name="model_id" ref="model_op_proctor" />
            <field name="groups" eval="[(4, ref('proctor.group_op_proctor'))]" />
            <field name="domain_force"> ['|', ('user_id','=',user.id), ('user_id','in',user.child_ids.ids)]</field>
        </record>
        <record model="ir.rule" id="student_proctor_login_rule">
            <field name="name">Student Proctor Login rule</field>
            <field name="model_id" ref="model_op_student" />
            <field name="groups" eval="[(4, ref('proctor.group_op_proctor'))]" />
            <field name="domain_force">['|', ('user_id','=',user.id), ('user_id','in',user.child_ids.ids)]</field>
        </record>
    </data>
</odoo>
