<?xml version="1.0" encoding="utf-8"?>
<odoo>
    <data noupdate="1">

        <record id="op_user_student" model="res.users">
            <field name="name">Sumita</field>
            <field name="password">student</field>
            <field name="login">student@cittumkur.org</field>
            <field name="partner_id" ref="pro_core.op_res_partner_1" />
            <field name="company_id" ref="base.main_company" />
            <field name="groups_id"
                eval="[(4,ref('pro_core.group_op_student'))]" />
        </record>

        <record id="op_user_faculty" model="res.users">
            <field name="login">faculty@cittumkur.org</field>
            <field name="password">faculty</field>
            <field name="partner_id" ref="pro_core.op_res_partner_21" />
            <field name="company_id" ref="base.main_company" />
            <field name="groups_id"
                eval="[(4,ref('pro_core.group_op_faculty'))]" />
        </record>

        <record id="op_user_bo" model="res.users">
            <field name="login">backoffice@cittumkur.org</field>
            <field name="password">backoffice</field>
            <field name="partner_id" ref="pro_core.op_res_partner_31" />
            <field name="company_id" ref="base.main_company" />
            <field name="groups_id"
                eval="[(4,ref('pro_core.group_op_back_office'))]" />
        </record>

        <record id="op_user_boa" model="res.users">
            <field name="login">backofficeadmin@cittumkur.org</field>
            <field name="password">backofficeadmin</field>
            <field name="partner_id" ref="pro_core.op_res_partner_32" />
            <field name="company_id" ref="base.main_company" />
            <field name="groups_id"
                eval="[(4,ref('pro_core.group_op_back_office_admin'))]" />
        </record>

        <record id="pro_core.op_res_partner_1" model="res.partner">
            <field name="user_id" ref="pro_core.op_user_student" />
        </record>

        <record id="pro_core.op_res_partner_21" model="res.partner">
            <field name="user_id" ref="pro_core.op_user_faculty" />
        </record>

        <record id="pro_core.op_res_partner_31" model="res.partner">
            <field name="user_id" ref="pro_core.op_user_bo" />
        </record>

        <record id="pro_core.op_res_partner_32" model="res.partner">
            <field name="user_id" ref="pro_core.op_user_boa" />
        </record>

    </data>
</odoo>
